Title,Lastname,Firstname,Email
Mr,John,Doe,john.doe@example.com
Mrs,Jane,Doe,jane.doe@example.com
Mr,Max,Markum,max.markum@example.com
Ms,Dollie,Whitehair,dollie.whitehair@example.com
Mr,Lance,Mawson,lance.mawson@example.com
Mr,Kurt,Gersten,kurt.gersten@example.com
Miss,Lenore,Bergdoll,lenore.bergdoll@example.com
Mr,Darryl,Drozd,darryl.drozd@example.com
Dr,Christian,Fairbank,christian.fairbank@example.com
Prof,Clinton,Disalvo,clinton.disalvo@example.com
Miss,Melisa,Underdahl,melisa.underdahl@example.com
Mrs,Julianne,Loesch,julianne.loesch@example.com
Mr,Nelson,Harvard,nelson.harvard@example.com
Dr,Malinda,Weisinger,milinda.weisinger@example.com
Mr,Fernando,Faye,fernando.faye@example.com
Ms,Ericka,Eastin,ericka.eastin@example.com
Mr,Julio,Kersh,julio.kersh@example.com
Rev,Marylou,Mastrangelo,marylou.mastrangelo@example.com
Mr,Julio,Gries,julio.gries@example.com
Prof,Earnestine,Rimer,earnestine.rimer@example.com
Dr,Neva,Zetina,neva.zetina@example.com
Miss,Carlene,Klassen,carlene.klassen@example.com
